Fiber X Coord,Fiber Y Coord,Strain,Timepoint
18.4705,39.3781,-0.005393948444950001,48.0
14.7839,40.9051,-0.00543741889073,48.0
