Fiber X Coord,Fiber Y Coord,Strain,Timepoint
20.0463,33.4453,-0.0055728570988,50.0
9.4745,37.8243,-0.0055545509236,50.0
