Fiber X Coord,Fiber Y Coord,Strain,Timepoint
26.186,28.8918,-0.011117152570599996,198.0
23.228,31.3194,-0.011033069849799999,198.0
